{
    "AX": {
        "error": 0.0004154345340932056,
        "fit": "Bracketing Interpolate",
        "reference_data": {
            "es": [
                0.0005518930847857156,
                0.0005624630225328383,
                0.0005675584743541834,
                0.0005815932168987781,
                0.0005771331702164804,
                0.0005943161196975974,
                0.000572241424803555,
                0.0005674024340789485,
                0.0005821299838349393,
                0.0005891471182441319,
                0.0005736831986362329,
                0.000601468877791941,
                0.0005897705689727,
                0.0005715951275060672,
                0.0005749402239504036,
                0.0005718497851902658,
                0.0005751351790479639,
                0.0005765248357570661,
                0.0005661509528400095,
                0.0005820526407801586,
                0.0005836157245480222,
                0.0005547145686192186,
                0.0005791011185032016,
                0.0005781489986944041
            ],
            "vs": [
                1.0012280910787374,
                1.002053332457159,
                1.0007985437327152,
                1.0015307818107975,
                1.0010123978026497,
                1.0016407049760732,
                1.0013619914431113,
                1.0003641504333198,
                0.9996396336137442,
                0.9997665939409935,
                0.9996415303336234,
                1.000163469070122,
                1.000845190696785,
                1.0001140851145824,
                1.0009484490943397,
                1.000600271332808,
                1.000172975612413,
                0.9996508880978425,
                0.999992126048005,
                1.000496106957855,
                1.001224939910292,
                1.0012709968561027,
                1.0002215629968727,
                1.0
            ],
            "xs": [
                1673703863.0,
                1673705781.0,
                1673759615.0,
                1673769757.0,
                1673780276.0,
                1673790362.0,
                1673802038.0,
                1673812724.0,
                1673823166.0,
                1673834927.0,
                1673845241.0,
                1673850751.0,
                1673860405.0,
                1673866042.0,
                1673877403.0,
                1673889069.0,
                1673895019.0,
                1673902789.0,
                1673914750.0,
                1673927791.0,
                1673947531.0,
                1673970384.0,
                1673990798.0,
                1674009214.0
            ]
        },
        "reference_detector": "rad40",
        "references": [
            {
                "exclude": "ok",
                "record_id": "c-03-J-6230",
                "uuid": "5ded70e7-3fb8-45ba-9b7d-c9330f2ce7ca"
            },
            {
                "exclude": "ok",
                "record_id": "c-03-J-6231",
                "uuid": "818eb089-3782-4b2c-9e84-e86b16c113eb"
            },
            {
                "exclude": "ok",
                "record_id": "c-03-J-6232",
                "uuid": "ffe51b8d-61f7-4491-b53e-0e0974839705"
            },
            {
                "exclude": "ok",
                "record_id": "c-03-J-6233",
                "uuid": "01ef940f-fdbe-4aa3-89dc-173a1abea5c7"
            },
            {
                "exclude": "ok",
                "record_id": "c-03-J-6234",
                "uuid": "43f51ff1-3b61-49ac-ad31-611a36514859"
            },
            {
                "exclude": "ok",
                "record_id": "c-03-J-6235",
                "uuid": "f3942750-e188-4872-aaf2-cf131836f56a"
            },
            {
                "exclude": "ok",
                "record_id": "c-03-J-6236",
                "uuid": "2fd95a17-6181-4ba0-83df-d2bc2680678e"
            },
            {
                "exclude": "ok",
                "record_id": "c-03-J-6237",
                "uuid": "cea6b423-7eed-4d8a-a05c-4878f567e160"
            },
            {
                "exclude": "ok",
                "record_id": "c-03-J-6238",
                "uuid": "421b19f0-ce91-4e86-bb18-766b86513a2f"
            },
            {
                "exclude": "ok",
                "record_id": "c-03-J-6239",
                "uuid": "1586e331-d9e3-4ab0-9278-aae08ba866cd"
            },
            {
                "exclude": "ok",
                "record_id": "c-03-J-6240",
                "uuid": "cc5839b4-fcbe-4cb8-81e7-d193e3076d04"
            },
            {
                "exclude": "ok",
                "record_id": "c-03-J-6241",
                "uuid": "d4a37023-f2c0-4bcf-b3eb-dcf9e0f54449"
            },
            {
                "exclude": "ok",
                "record_id": "c-03-J-6242",
                "uuid": "bb2a25a2-9ce8-444a-ad84-a9b098d5118d"
            },
            {
                "exclude": "ok",
                "record_id": "c-03-J-6243",
                "uuid": "7fa7d2e9-9afd-4788-b442-bf8278f1bf99"
            },
            {
                "exclude": "ok",
                "record_id": "c-03-J-6244",
                "uuid": "e56181d8-67f2-4e11-be86-91d640372f21"
            },
            {
                "exclude": "ok",
                "record_id": "c-03-J-6245",
                "uuid": "faafdd42-987e-42e8-9704-4527f104d4fe"
            },
            {
                "exclude": "ok",
                "record_id": "c-03-J-6246",
                "uuid": "57dacdfe-df7c-4874-886f-564929674e4d"
            },
            {
                "exclude": "ok",
                "record_id": "c-03-J-6247",
                "uuid": "82d0a86d-b546-4377-b358-7d902c2c319e"
            },
            {
                "exclude": "ok",
                "record_id": "c-03-J-6248",
                "uuid": "c8eb940f-fd38-4a38-8c51-d97ce70bcdec"
            },
            {
                "exclude": "ok",
                "record_id": "c-03-J-6249",
                "uuid": "76ebb4f8-dffb-4e79-920a-5deeae0f4005"
            },
            {
                "exclude": "ok",
                "record_id": "c-03-J-6250",
                "uuid": "5c704ec8-7593-4335-ba62-0a1957370e86"
            },
            {
                "exclude": "ok",
                "record_id": "c-03-J-6251",
                "uuid": "ab42be30-8ea6-4e73-bddf-0048e6b2214d"
            },
            {
                "exclude": "ok",
                "record_id": "c-03-J-6252",
                "uuid": "3399b9e7-76b9-4927-baf8-33728c957c7a"
            },
            {
                "exclude": "ok",
                "record_id": "c-03-J-6253",
                "uuid": "67869d93-1724-469d-a004-4d0d62434ece"
            }
        ],
        "reviewed": true,
        "standard_ratio": 6.600975,
        "value": 1.000912891817237
    },
    "CDD": {
        "error": 0.000550597505224817,
        "fit": "Weighted Mean",
        "reference_data": {
            "es": [
                0.0021926149687223305,
                0.002118844604935196,
                0.0019550133345665765,
                0.0018937906337947283,
                0.002060848396176058,
                0.0020358307732757314,
                0.002084180803455469,
                0.0022677081292886464,
                0.0021589539575125856,
                0.0019772105998650657,
                0.001993950671111157,
                0.002133923382735796,
                0.0019457633352780788,
                0.002130053914674815
            ],